id;contents;user_id;photo_id
108;Quo velit iusto ducimus quos a incidunt nesciunt facilis.;2;4
109;Non est totam.;5;5
110;Fuga et iste beatae.;3;3
111;Molestias tempore est.;1;5
112;Est voluptatum voluptatem voluptatem est ullam quod quia in.;1;5
113;Aut et similique porro ullam.;1;3
114;Fugiat cupiditate consequatur sit magni at non ad omnis.;1;2
115;Accusantium illo maiores et sed maiores quod natus.;2;5
116;Perferendis cumque eligendi.;1;2
117;Nihil quo voluptatem placeat.;5;5
118;Rerum dolor sunt sint.;5;2
119;Id corrupti tenetur similique reprehenderit qui sint qui nulla tenetur.;2;1
120;Maiores quo quia.;1;5
121;Culpa perferendis qui perferendis eligendi officia neque ex.;1;4
122;Reprehenderit voluptates rerum qui veritatis ut.;1;1
123;Aut ipsum porro deserunt maiores sit.;5;3
124;Aut qui eum eos soluta pariatur.;1;1
125;Praesentium tempora rerum necessitatibus aut.;4;3
126;Magni error voluptas veniam ipsum enim.;4;2
127;Et maiores libero quod aliquam sit voluptas.;2;3
128;Eius ab occaecati quae eos aut enim rem.;5;4
129;Et sit occaecati.;4;3
130;Illum omnis et excepturi totam eum omnis.;1;5
131;Nemo nihil rerum alias vel.;5;1
132;Voluptas ab eius.;5;1
133;Dolor soluta quisquam voluptatibus delectus.;3;5
134;Consequatur neque beatae.;4;5
135;Aliquid vel voluptatem.;4;5
136;Maiores nulla ea non autem.;4;5
137;Enim doloremque delectus.;1;4
138;Facere vel assumenda.;2;5
139;Fugiat dignissimos dolorum iusto fugit voluptas et.;2;1
140;Sed cumque in et.;1;3
141;Doloribus temporibus hic eveniet temporibus corrupti et voluptatem et sint.;5;4
142;Quia dolorem officia explicabo quae.;3;1
143;Ullam ad laborum totam veniam.;1;2
144;Et rerum voluptas et corporis rem in hic.;2;3
145;Tempora quas facere.;3;1
146;Rem autem corporis earum necessitatibus dolores explicabo iste quo.;5;5
147;Animi aperiam repellendus in aut eum consequatur quos.;1;2
148;Enim esse magni.;4;3
149;Saepe cumque qui pariatur.;4;4
150;Sit dolorem ipsam nisi.;4;1
151;Dolorem veniam nisi quidem.;2;5
152;Porro illum perferendis nemo libero voluptatibus vel.;3;3
153;Dicta enim rerum culpa a quo molestiae nam repudiandae at.;2;4
154;Consequatur magnam autem voluptas deserunt.;5;1
155;Incidunt cum delectus sunt tenetur et.;4;3
156;Non vel eveniet sed molestiae tempora.;2;1
157;Ad placeat repellat et veniam ea asperiores.;5;1
158;Eum aut magni sint.;3;1
159;Aperiam voluptates quis velit explicabo ipsam vero eum.;1;3
160;Error nesciunt blanditiis quae quis et tempora velit repellat sint.;2;4
161;Blanditiis saepe dolorem enim eos sed ea.;1;2
162;Ab veritatis est.;2;2
163;Aut et similique porro ullam.;1;3
164;Fugiat cupiditate consequatur sit magni at non ad omnis.;1;2
165;Accusantium illo maiores et sed maiores quod natus.;2;5
166;Perferendis cumque eligendi.;1;2
167;Nihil quo voluptatem placeat.;5;5
168;Rerum dolor sunt sint.;5;2
169;Id corrupti tenetur similique reprehenderit qui sint qui nulla tenetur.;2;1
170;Maiores quo quia.;1;5
171;Culpa perferendis qui perferendis eligendi officia neque ex.;1;4
172;Reprehenderit voluptates rerum qui veritatis ut.;1;1
173;Aut ipsum porro deserunt maiores sit.;5;3
174;Aut qui eum eos soluta pariatur.;1;1
175;Praesentium tempora rerum necessitatibus aut.;4;3
176;Magni error voluptas veniam ipsum enim.;4;2
177;Et maiores libero quod aliquam sit voluptas.;2;3
178;Eius ab occaecati quae eos aut enim rem.;5;4
179;Et sit occaecati.;4;3
180;Illum omnis et excepturi totam eum omnis.;1;5
181;Nemo nihil rerum alias vel.;5;1
182;Voluptas ab eius.;5;1
183;Dolor soluta quisquam voluptatibus delectus.;3;5
184;Consequatur neque beatae.;4;5
185;Aliquid vel voluptatem.;4;5
186;Maiores nulla ea non autem.;4;5
187;Enim doloremque delectus.;1;4
188;Facere vel assumenda.;2;5
189;Fugiat dignissimos dolorum iusto fugit voluptas et.;2;1
190;Sed cumque in et.;1;3
191;Doloribus temporibus hic eveniet temporibus corrupti et voluptatem et sint.;5;4
192;Quia dolorem officia explicabo quae.;3;1
193;Ullam ad laborum totam veniam.;1;2
194;Et rerum voluptas et corporis rem in hic.;2;3
195;Tempora quas facere.;3;1
196;Rem autem corporis earum necessitatibus dolores explicabo iste quo.;5;5
197;Animi aperiam repellendus in aut eum consequatur quos.;1;2
198;Enim esse magni.;4;3
199;Saepe cumque qui pariatur.;4;4
200;Sit dolorem ipsam nisi.;4;1
201;Dolorem veniam nisi quidem.;2;5
202;Porro illum perferendis nemo libero voluptatibus vel.;3;3
203;Dicta enim rerum culpa a quo molestiae nam repudiandae at.;2;4
204;Consequatur magnam autem voluptas deserunt.;5;1
205;Incidunt cum delectus sunt tenetur et.;4;3
206;Non vel eveniet sed molestiae tempora.;2;1
207;Ad placeat repellat et veniam ea asperiores.;5;1
208;Eum aut magni sint.;3;1
209;Aperiam voluptates quis velit explicabo ipsam vero eum.;1;3
210;Error nesciunt blanditiis quae quis et tempora velit repellat sint.;2;4
211;Blanditiis saepe dolorem enim eos sed ea.;1;2
212;Ab veritatis est.;2;2
213;Vitae voluptatem voluptates vel nam.;3;1
214;Neque aspernatur est non ad vitae nisi ut nobis enim.;4;3
215;Debitis ut amet.;4;2
216;Pariatur beatae nihil cum molestiae provident vel.;4;4
217;Aperiam sunt aliquam illum impedit.;1;4
218;Aut laudantium necessitatibus harum eaque.;5;3
219;Debitis voluptatum nesciunt quisquam voluptatibus fugiat nostrum sed dolore quasi.;3;2
220;Praesentium velit voluptatem distinctio ut voluptatum at aut.;2;2
221;Voluptates nihil voluptatum quia maiores dolorum molestias occaecati.;1;4
222;Quisquam modi labore.;3;2
223;Fugit quia perferendis magni doloremque dicta officia dignissimos ut necessitatibus.;1;4
224;Tempora ipsam aut placeat ducimus ut exercitationem quis provident.;5;3
225;Expedita ducimus cum quibusdam.;5;1
226;In voluptates doloribus aut ut libero possimus adipisci iste.;3;2
227;Sit qui est sed accusantium quidem id voluptatum id.;1;5
228;Libero eius quo consequatur laudantium reiciendis reiciendis aliquid nemo.;1;2
229;Officia qui reprehenderit ut accusamus qui voluptatum at.;2;2
230;Ad similique quo.;4;1
231;Commodi culpa aut nobis qui illum deserunt reiciendis.;2;3
232;Tenetur quam aut rerum doloribus est ipsa autem.;4;2
233;Est accusamus aut nisi sit aut id non natus assumenda.;2;4
234;Et sit et vel quos recusandae quo qui.;1;3
235;Velit nihil voluptatem et sed.;4;4
236;Sunt vitae expedita fugiat occaecati.;1;3
237;Consequatur quod et ipsam in dolorem.;4;2
238;Magnam voluptatum molestias vitae voluptatibus beatae nostrum sunt.;3;5
239;Alias praesentium ut voluptatem alias praesentium tempora voluptas debitis.;2;5
240;Ipsam cumque aut consectetur mollitia vel quod voluptates provident suscipit.;3;5
241;Ad dignissimos quia aut commodi vel ut nisi.;3;3
242;Fugit ut architecto doloremque neque quis.;4;5
243;Repudiandae et voluptas aut in excepturi.;5;3
244;Aperiam voluptatem animi.;5;1
245;Et mollitia vel soluta fugiat.;4;1
246;Ut nemo voluptas voluptatem voluptas.;5;2
247;At aut quidem voluptatibus rem.;5;1
248;Temporibus voluptates iure fuga alias minus eius.;2;3
249;Non autem laboriosam consectetur officiis aut excepturi nobis commodi.;4;3
250;Esse voluptatem sed deserunt ipsum eaque maxime rerum qui.;5;5
251;Debitis ipsam ut pariatur molestiae ut qui aut reiciendis.;4;4
252;Illo atque nihil et quod consequatur neque pariatur delectus.;3;3
253;Qui et hic accusantium odio quis necessitatibus et magni.;4;2
254;Debitis repellendus inventore omnis est facere aliquam.;3;3
255;Occaecati eos possimus deleniti itaque aliquam accusamus.;3;4
256;Molestiae officia architecto eius nesciunt.;5;4
